Workbook

Sheet Custos
B2: Passaporte de Segurança — Custos de Infraestrutura
B3: Vercel Pro + Supabase Pro (compute Small) · dimensionado para ~750 usuários · valores mensais recorrentes
B5: Parâmetros
B6: Câmbio (USD → BRL) | C6: 5.4 | E6: ← células amarelas são editáveis
B7: Contingência | C7: 0.1
B8: Nº de usuários | C8: 750
B11: Item | C11: Fornecedor | D11: Plano | E11: Qtd | F11: Unit (USD) | G11: USD/mês | H11: BRL/mês | I11: Observação
B12: Vercel Pro | C12: Vercel | D12: Pro (1 assento) | E12: 1 | F12: 20 | G12: =E12*F12 -> 20 | H12: =G12*$C$6 -> 108 | I12: Hospedagem do app. Inclui 1 TB de banda e execuções serverless.
B13: Supabase Pro | C13: Supabase | D13: Pro (base) | E13: 1 | F13: 25 | G13: =E13*F13 -> 25 | H13: =G13*$C$6 -> 135 | I13: Banco Postgres, Auth (SSO), Storage e backups. Inclui US$10 de crédito de compute.
B14: Supabase — compute Small | C14: Supabase | D14: Small | E14: 1 | F14: 5 | G14: =E14*F14 -> 5 | H14: =G14*$C$6 -> 27 | I14: Instância Small (US$15) menos US$10 de crédito do Pro. Mais folga de CPU/memória e conexões que a Micro.
B15: E-mail transacional | C15: Resend | D15: Free | E15: 1 | F15: 0 | G15: =E15*F15 -> 0 | H15: =G15*$C$6 -> 0 | I15: Até 3.000 e-mails/mês. Para disparo em massa aos colaboradores, ver Resend Pro nos opcionais.
B16: Domínio / DNS | C16: registro.br | D16: Subdomínio | E16: 1 | F16: 0 | G16: =E16*F16 -> 0 | H16: =G16*$C$6 -> 0 | I16: Usar subdomínio Unilever (sem custo). Domínio .com.br próprio ~R$40/ano.
B17: Subtotal | G17: =SUM(G12:G16) -> 50 | H17: =SUM(H12:H16) -> 270
B18: Contingência | E18: =$C$7 -> 0.1 | G18: =G17*$C$7 -> 5 | H18: =G18*$C$6 -> 27
B19: TOTAL MENSAL | G19: =G17+G18 -> 55 | H19: =H17+H18 -> 297
B20: TOTAL ANUAL (×12) | G20: =G19*12 -> 660 | H20: =H19*12 -> 3564
B22: Opcionais para escala (não inclusos)
B23: Item | C23: Fornecedor | D23: Plano | G23: Custo/mês | I23: Observação
B24: Resend Pro | C24: Resend | D24: 50k e-mails/mês | G24: 20 | I24: Remove o limite de 100/dia e 3.000/mês. Necessário se for notificar os ~750 colaboradores por e-mail em massa.
B25: Assento Vercel extra | C25: Vercel | D25: por assento | G25: 20 | I25: Se mais de 1 pessoa precisar publicar/gerir deploys.
B26: Supabase compute Medium | C26: Supabase | D26: Medium | G26: 60 | I26: Só se o volume crescer muito. Small já atende 750 usuários com folga.
B27: Domínio .com.br próprio | C27: registro.br | D27: anual | G27: =40/12 -> 3.3333333 | I27: Caso não use subdomínio Unilever. ~R$40/ano.

Sheet Dimensionamento
B2: Dimensionamento da infraestrutura — ~750 usuários
B3: Os planos Pro cobrem o uso com larga folga. O gargalo real é irrelevante nesta escala.
B5: Recurso | C5: Incluído no plano | D5: Uso estimado (~750 usuários) | E5: Situação
B6: Usuários ativos (Auth/MAU) | C6: 100.000 / mês | D6: ~15 (só equipe admin e SHE; colaborador não faz login) | E6: Folga enorme
B7: Banda Vercel | C7: 1 TB / mês | D7: ~3 GB (app leve, cacheado por QR/RE) | E7: Folga enorme
B8: Egress Supabase | C8: 250 GB / mês | D8: ~2 GB (consultas de RE e cargas) | E8: Folga enorme
B9: Banco de dados | C9: 8 GB | D9: < 100 MB (750 colaboradores + treinamentos) | E9: Folga enorme
B10: Storage (fotos) | C10: 100 GB | D10: ~0,2 GB (750 fotos, se houver) | E10: Folga enorme
B11: Execuções serverless | C11: Incluído no Pro | D11: Baixo (consultas pontuais) | E11: Folga
B12: Backups | C12: Diário (Pro) | D12: Automático | E12: OK
B14: Conclusão: a instância Micro já atenderia os 750 usuários. Adotamos o compute Small como margem de conforto (mais CPU, memória e conexões simultâneas), pensando em picos de acesso na troca de turno. Mesmo 5.000 usuários não mudariam de plano, pois o colaborador apenas consulta (sem login) e o volume de dados é pequeno. O custo é praticamente fixo nesta escala.

Sheet Projeção 12M
B2: Projeção de 12 meses
B4: Mês | C4: Mensal (USD) | D4: Acumulado (USD) | E4: Mensal (BRL) | F4: Acumulado (BRL)
B5: Mês 1 | C5: =Custos!$G$19 -> 55 | D5: =C5 -> 55 | E5: =Custos!$H$19 -> 297 | F5: =E5 -> 297
B6: Mês 2 | C6: =Custos!$G$19 -> 55 | D6: =D5+C6 -> 110 | E6: =Custos!$H$19 -> 297 | F6: =F5+E6 -> 594
B7: Mês 3 | C7: =Custos!$G$19 -> 55 | D7: =D6+C7 -> 165 | E7: =Custos!$H$19 -> 297 | F7: =F6+E7 -> 891
B8: Mês 4 | C8: =Custos!$G$19 -> 55 | D8: =D7+C8 -> 220 | E8: =Custos!$H$19 -> 297 | F8: =F7+E8 -> 1188
B9: Mês 5 | C9: =Custos!$G$19 -> 55 | D9: =D8+C9 -> 275 | E9: =Custos!$H$19 -> 297 | F9: =F8+E9 -> 1485
B10: Mês 6 | C10: =Custos!$G$19 -> 55 | D10: =D9+C10 -> 330 | E10: =Custos!$H$19 -> 297 | F10: =F9+E10 -> 1782
B11: Mês 7 | C11: =Custos!$G$19 -> 55 | D11: =D10+C11 -> 385 | E11: =Custos!$H$19 -> 297 | F11: =F10+E11 -> 2079
B12: Mês 8 | C12: =Custos!$G$19 -> 55 | D12: =D11+C12 -> 440 | E12: =Custos!$H$19 -> 297 | F12: =F11+E12 -> 2376
B13: Mês 9 | C13: =Custos!$G$19 -> 55 | D13: =D12+C13 -> 495 | E13: =Custos!$H$19 -> 297 | F13: =F12+E13 -> 2673
B14: Mês 10 | C14: =Custos!$G$19 -> 55 | D14: =D13+C14 -> 550 | E14: =Custos!$H$19 -> 297 | F14: =F13+E14 -> 2970
B15: Mês 11 | C15: =Custos!$G$19 -> 55 | D15: =D14+C15 -> 605 | E15: =Custos!$H$19 -> 297 | F15: =F14+E15 -> 3267
B16: Mês 12 | C16: =Custos!$G$19 -> 55 | D16: =D15+C16 -> 660 | E16: =Custos!$H$19 -> 297 | F16: =F15+E16 -> 3564
B17: TOTAL ANO | C17: =SUM(C5:C16) -> 660 | E17: =SUM(E5:E16) -> 3564
